1	0	0.627938	0.517286	0.381085	0.292665	0.214063	0.155503	0.115059	0.0643294	0.051927	0.0612302	0.0131916	0.0347689	0.00427599	0.00961893	0.0214486	0.0248988	-0.0100107	0.00486056	-0.00864546	-0.00315649	0.00616526	0.0138581	-0.00496996	-0.00702851	0.00823641	-0.00885964	-0.00470416	0.00324893	-0.00200562	-0.0004521	0.0128287	0.0157446	0.00966009	-0.0179733	-0.0116222	-0.00287607	-0.0022528	0.00734455	0.00237213	-0.0040113	-0.022429	0.00338337	-0.00306543	-0.0107434	0.00280179	0.00394563	0.00209012	-0.00864596	0.0171554	0.00407307	-0.0139571	-0.00379888	-0.00717755	0.00961834	-0.00402394	-0.0099068	0.0068204	-0.0133802	-0.00127502	0.00433535	0.0113716	-0.0169477	0.018175	-0.00420127	0.00330038	-0.00802637	-0.00984949	-0.000742108	0.0232471	-0.0169203	-0.00451227	0.0166384	0.0159191	-0.00134091	0.000899832	0.00878643	-0.00467822	0.00400133	-0.0128776	-0.00640719	-0.0102791	-0.00681426	-0.00122559	0.00406395	0.017758	0.00142096	0.01567	-0.00129691	-0.0310389	-0.000574772	-0.0231861	0.00595627	-0.0212104	-0.0113617	0.00586726	0.030632	0.00320968	-0.0106922	-0.0232339	-0.0136882	
1	0	0.630975	0.517429	0.376048	0.296644	0.211326	0.136823	0.104995	0.0552015	0.0643575	0.0243205	0.0710177	0.0268621	0.0249749	-0.010076	0.0149388	0.0206009	-0.001036	-0.00023709	0.00320456	6.30691e-05	0.0050227	-0.00393961	0.0107087	-0.00429059	0.00797803	0.00625316	0.00414623	0.00466331	0.019023	-0.00989997	0.00467584	0.0121368	-0.0184268	-0.00463445	0.0194004	0.0052731	-0.0319071	0.000195595	0.0194498	-0.0345622	-0.0127574	-0.00535589	-0.00395932	0.0188659	0.00324576	-0.00475351	-0.00233952	-0.00302755	0.00328915	0.0131048	0.0159315	0.0149057	0.0130081	0.00616844	0.0289747	-0.000729008	0.00681994	-0.0138708	0.00772753	-0.0133289	0.00166635	-0.0147519	0.0149848	-0.00293278	-0.0238278	-0.00643241	-0.00727933	-0.00205851	-0.00565218	0.00137333	-0.00903	0.0218749	-0.00616676	-0.0100519	0.00885074	-0.000881436	-0.0308225	-0.00500229	0.00659906	-0.000325936	-0.0125995	0.0334614	-0.043857	-0.00549917	-0.00851423	0.0147146	-0.0244998	0.0052048	0.000972131	-0.00855171	0.0286538	0.0036313	0.00075437	0.00959354	-0.00120293	0.00920728	0.00685993	0.00360885	0.00145849	0.00727168	
1	0	0.619795	0.490898	0.399694	0.298349	0.224001	0.154087	0.0969542	0.100048	0.0679144	0.0565593	0.0484489	0.0397351	0.037557	0.0222759	-0.00502721	-0.00890678	0.0157898	0.00775615	0.0388839	0.00752952	-0.0282432	0.00596664	-0.00590811	-0.0292694	-0.0169645	0.00734364	0.00456964	-0.00396393	0.0303183	-0.012197	0.0176257	0.00454539	0.00442168	0.0216305	0.00441454	0.00832992	0.0156951	-0.00569975	-0.000963971	0.0100043	-0.00642817	-0.00154395	-0.00664791	-0.00281996	-0.0116754	0.0416238	0.0171242	-0.00266076	-0.00229292	-0.00314774	0.0187367	0.00879321	0.0304218	-0.0161128	0.0235227	0.00818256	-0.0206907	0.012351	0.0177382	0.0108943	-0.0144127	0.00632173	0.0179002	0.00962731	-0.0143997	-0.00389008	-0.0142912	-0.0112128	-0.00545297	-0.0224714	-0.00457561	0.0122131	-0.0102882	-0.0105759	0.00413994	-0.0101888	0.00530215	0.0224119	-0.0233381	-0.0178498	0.00656314	0.0243517	-0.0101607	0.000290272	-0.0225233	0.00350661	-0.019913	-0.010374	-0.0286724	0.00343803	-0.00131278	-0.00414352	-0.016507	-0.0178568	-0.00691576	-0.00183442	0.0125923	-0.00695932	-0.00682985	-0.000791139	
1	0	0.630147	0.504947	0.394538	0.283479	0.203523	0.157058	0.105284	0.070123	0.0876096	0.047809	0.0144907	0.0315492	0.0253323	0.00137214	-0.00392866	0.0232002	0.0376757	-0.00333263	3.15881e-05	9.35848e-05	7.94659e-05	-0.0141191	0.02136	-0.00642787	0.0335035	-0.0123402	-0.010173	-0.00789902	0.00356663	0.00882076	-0.0045233	0.0146982	-0.0193411	-0.0127846	4.76312e-05	0.0330849	-0.0205084	-0.00856607	-0.0110541	0.000249525	0.0116991	0.0195947	-0.000227672	0.00399047	-0.000339169	-0.00335611	-0.00542547	0.014099	-0.0033751	0.00582266	-0.00810827	-0.00420531	-0.00109832	-0.030331	-0.0055259	-0.0141659	-0.0105205	-0.015674	0.0221979	0.00260611	0.0217528	0.00217994	-0.0223181	0.00924911	0.0240494	-0.00555986	-0.0129789	-0.00434875	-0.00245151	-0.000857993	-0.000112793	-0.0092269	-0.00779314	0.0257445	0.00789598	0.00934302	0.00463619	0.0122697	-0.0107021	0.0149004	0.0158436	0.00901427	0.00115718	-0.0277228	0.0303727	0.0232714	-0.00962751	0.0104911	0.00415279	-0.0343161	-0.00115189	-0.0199157	0.0171851	0.011931	-0.00821195	0.00297532	-0.0100469	0.00391587	0.00918156	0.00144599	
1	0	0.640583	0.492125	0.378944	0.296743	0.204993	0.140486	0.112882	0.114674	0.0455721	0.0257906	0.0309643	0.0634289	0.032749	0.0295511	0.00729998	-0.0106056	-0.0103062	0.00914488	-0.00540037	-0.00801087	0.038365	0.00889245	0.011418	0.0428936	-0.00762301	0.0131592	-0.0288756	-0.000361409	0.0163335	0.0150446	-0.00967783	0.00677788	-0.0276022	-0.00204401	-0.00104175	0.0103458	0.00932314	-0.00759233	0.000584268	-0.00787961	0.0295936	0.012573	0.00703173	0.017524	-0.0219472	0.0272281	0.0122569	0.0122296	0.0115482	0.0112513	-0.000959301	-0.00710436	-0.0104976	-0.00405616	-0.0155994	-0.00958465	0.0184697	0.012961	0.0241628	-0.0044707	0.0127441	-0.00996485	-0.00502693	0.00508068	-0.00953559	-0.0107912	0.0221286	0.013334	0.00420964	0.0210665	0.0127566	0.0163044	0.023919	-8.21951e-05	0.0205267	-9.26462e-05	0.00270179	0.00996143	0.00168687	-0.00198294	0.00404407	0.0236823	-0.0219718	0.00690019	0.00989327	0.000315918	-0.0214855	0.000374802	0.00549367	-0.00704204	0.0127069	0.0170305	0.00983111	0.00628251	0.0237636	0.00299262	0.00746959	-0.00344953	-0.0212388	0.0181998	
1	0	0.634126	0.524532	0.36818	0.280383	0.200278	0.157394	0.107733	0.0822871	0.0574237	0.0445162	0.0257889	0.0399917	-0.0046648	0.0184788	0.0105779	0.0325288	-0.00630922	0.0120277	-0.00457783	-0.0030448	0.0069174	0.0143839	-0.0128774	-0.0201221	0.000194918	-0.0339916	0.00967464	0.004055	0.00359494	0.00471852	0.00386702	-0.00833633	-0.0131511	0.00828873	-0.00498218	-0.00602708	0.0204079	0.00766689	0.0109713	0.00241287	-0.0236768	-0.00537566	-0.013209	0.00486316	-0.00573713	-0.00514796	0.011396	0.0137485	0.0162906	-0.000577735	-0.0183661	-0.0210058	-0.00863112	0.0135765	0.0118964	-0.0030444	0.0158552	0.014194	0.00907024	-0.0256728	0.012826	-0.0240466	-0.0483543	-0.0151572	-0.0161711	0.000210345	0.00117586	-0.0155959	0.0142881	0.015406	-0.00515882	0.00776879	0.0157228	0.0262217	0.00327945	0.00664464	-0.00804778	-0.00198511	0.0146511	-0.0111805	-0.0133039	-0.0215561	-0.0118226	-0.00299637	-0.0111626	-0.00888449	-0.0034221	0.0046269	-0.0180652	-0.00596593	0.00704378	0.015573	0.00381509	-0.0113416	0.0172668	0.0234692	-0.0162979	-0.0120723	-0.0120395	-0.0111394	
1	0	0.647719	0.517464	0.374367	0.264352	0.190051	0.163315	0.0914786	0.0568239	0.0711911	0.0432116	0.0240362	0.0483388	0.0255273	0.0062996	0.0101472	0.0152238	0.00405615	0.0114298	-0.00506959	0.00269183	-0.0198917	0.0146984	-0.00806171	0.00765375	-0.0101862	-0.00760865	0.0251247	0.00681998	0.00291059	0.0161149	0.0182593	0.00498105	-0.020531	0.025029	0.000374488	0.0162049	0.00201411	0.0179863	0.0058247	0.0208199	0.0180715	-0.0112077	0.00574862	0.0164773	-0.0176836	-0.0104023	-0.015924	-0.00848466	-0.0192177	0.00796479	0.00929325	-0.00751614	-0.00289538	-0.00167735	0.0213994	-0.0201807	0.00158331	0.00651768	0.00990063	0.00205572	-0.010362	0.00589325	-0.0171206	-0.00489498	-0.000714113	-0.00671038	-0.0166392	-0.0315592	0.00331797	0.0117014	0.00536588	0.0136197	-0.00819226	-0.0268815	0.0158007	0.0146424	-0.010141	0.0109533	0.0153194	0.0128475	-0.0143868	0.012223	-0.0276901	0.0210944	0.0197302	0.000248122	-0.00449153	-0.00707755	-0.00458967	-0.0187089	-0.0160544	0.0111918	0.0307651	0.00515938	-0.0151653	-0.0186274	0.00271248	0.0181493	-0.0115835	-0.0314055	
1	0	0.653376	0.49407	0.391554	0.26257	0.193593	0.154757	0.106754	0.0954547	0.0764401	0.0372747	0.0259464	0.0344469	0.00614747	0.043318	0.0102432	-0.00490714	0.00589986	-0.0129462	0.0159577	-0.0165754	0.00186126	0.00100176	0.00173197	-0.00808889	0.0171446	0.00055258	0.0165626	0.00844021	0.0125349	-0.0307719	-0.0106147	-0.0242715	0.0106943	0.0012685	-0.0227946	0.00720737	-0.0106651	-0.00775098	0.000245385	0.0203906	-0.0243711	-0.00787161	-0.00904443	0.0030772	-0.0107436	0.000856729	0.0084162	0.00485464	0.000498445	0.0268455	0.00821328	0.0028128	-0.0112014	-0.00872404	0.00705023	0.0127147	-0.00900649	-0.00394064	0.0306317	-0.013761	-0.00402877	0.00734367	-0.0048999	0.00863396	0.00361507	0.000631555	0.00450183	-0.00409596	0.000549918	-0.0121406	-0.0039757	-0.0224249	0.00141223	0.00787747	-0.00303943	-0.0110233	-0.0128349	-0.000796369	-0.00793308	0.00630624	-0.00724426	0.00221191	0.0105859	0.00936875	0.00418176	-0.0182264	-0.00993849	-0.0402194	0.00805276	-0.00119384	0.00073285	0.000816069	-0.00547138	0.0130937	0.00189908	0.0244607	0.00537299	-0.031658	0.00132837	-0.0131184	
1	0	0.631147	0.499535	0.386422	0.291838	0.233827	0.131566	0.105059	0.0946411	0.0788218	0.0406609	0.0363258	0.000828275	0.0279235	-0.00323728	0.0148702	0.00234852	0.0141419	0.00104522	0.00633994	0.0204379	-0.0073673	-0.0151074	0.00606631	0.0189648	0.022137	0.00979716	0.0116368	-0.00973512	0.00128976	-0.00444544	0.00318926	-0.00254856	0.00205832	0.00934783	0.00514981	-0.00364905	-0.00988698	-0.00148856	-0.000344012	-0.0108282	-0.0271676	-0.00143779	0.0181167	0.00921287	0.00479247	-0.000247702	0.00126356	0.0259829	0.00926958	-0.00637668	0.0196584	0.00555304	0.0221907	-0.00904975	0.0158991	-0.0218174	0.00343266	0.0263844	0.000536855	-0.0144914	0.0252141	0.0171826	-0.00399985	-0.0117866	0.0157608	-0.0239172	0.00160991	0.0188551	-0.00309732	-0.0106794	0.00734849	-0.00432564	0.00844649	-0.015026	-0.0047187	-0.0218756	-0.00703289	0.00163185	-0.025819	-0.0119886	-0.0102184	-0.00404848	-0.00732349	0.0150837	0.0206627	0.0109042	-0.0322563	0.000222634	0.0109025	0.0197929	-0.00981683	-0.0146969	0.0271658	-0.00601895	0.00557444	0.00543495	0.0135699	-0.0097867	-0.010506	0.0113419	
1	0	0.637467	0.513939	0.392468	0.269068	0.200342	0.143087	0.105848	0.074654	0.0683761	0.0456046	0.0549783	0.0310381	0.00995364	0.0104209	0.0100325	0.0133239	-0.0106235	0.0252192	-2.75503e-05	0.00955331	-0.02288	-0.0136084	0.00877381	-0.0049678	0.00430107	-0.025025	0.0108235	-0.019616	0.000854707	0.00756396	-3.07854e-05	-0.00553246	0.012459	-0.0143861	0.00631342	0.0204637	-0.0139033	-0.0105424	9.90676e-05	-0.00944987	0.0188316	-0.000427146	-0.0263103	-0.0212622	0.00772694	0.00208352	-0.00743446	0.0240177	-0.0114399	-0.0180175	-0.00903159	0.0116783	0.0231561	0.00203826	-0.0205126	-0.00552715	-0.00520495	0.00102726	-0.00666962	0.0205341	0.0107175	0.00117957	0.0206799	0.0176591	-0.00874615	0.0122612	0.0207819	-0.0230335	-0.0194083	-0.00483989	6.26869e-05	0.000888321	-0.0106601	-0.00880977	0.00211159	-0.00638553	-0.010289	0.0138831	0.00669846	0.0069187	0.000131849	-0.00153399	-0.00694637	0.00435653	-0.0027247	0.0115471	0.0183041	-0.00261597	-0.00815913	-0.00829849	0.02334	0.0299222	-0.0156459	0.00177939	-0.00471718	0.00617282	0.00109712	0.00630683	0.0135549	0.0164479	
2	0	0.243194	0.316138	0.320513	0.321259	0.285859	0.271492	0.238419	0.200739	0.187509	0.184283	0.210923	0.210744	0.20771	0.179255	0.162933	0.147585	0.121128	0.116747	0.119098	0.103958	0.0848957	0.0731768	0.0667363	0.0716333	0.0601192	0.0550949	0.046694	0.0365999	0.0377973	0.0402386	0.0376824	0.044676	0.0258093	0.0230454	0.0289514	0.0209628	0.0254744	0.0198928	0.0215682	0.0085224	0.00638776	0.00439069	0.00471543	0.0102725	0.0158796	0.019073	0.00882451	0.00378409	0.00322717	-0.0114599	0.0128741	0.00346774	-0.0195658	-0.00228391	-0.000815007	-0.00787801	0.0202246	-0.00448176	-0.00255905	0.00708705	-0.00237735	0.00509754	-0.00136012	0.00130613	0.000382878	-0.00376999	0.00986135	-0.0135102	-0.0028219	0.0235763	0.0242245	0.00691358	0.0138544	0.00962615	0.0085418	0.00185581	-0.00439626	-0.00238617	-0.00846751	0.00166578	-0.00289726	-0.00267432	-0.00638409	0.00562552	-0.00112596	-0.00016669	-0.00366533	0.00842178	-0.00380231	0.00345729	-0.00301707	-0.000457374	0.00531836	-0.00455084	0.0112006	0.00391352	-0.00224432	0.00805688	0.00175743	0.0066659	
2	0	0.246552	0.31951	0.33042	0.311336	0.283298	0.270698	0.230928	0.212448	0.187562	0.174886	0.215079	0.200749	0.189192	0.177591	0.175589	0.152407	0.135984	0.11396	0.101388	0.099712	0.102834	0.0821208	0.0824409	0.0729651	0.0623537	0.063214	0.0467131	0.0522515	0.0285414	0.035617	0.0276728	0.0356938	0.0302375	0.021352	0.0144109	0.0182224	0.0156517	0.0239332	0.0200065	0.0128744	0.0112713	0.00797553	0.010924	0.0116199	0.00509777	0.0150034	0.021911	-0.00614922	0.00646295	-0.00110074	0.00297953	0.00852438	0.0189189	0.000937264	0.00621522	-0.014148	-0.0094976	0.0154705	0.00569802	0.00111324	-0.00254508	-0.00865947	0.00158576	-0.00245018	-0.0204167	-0.00127745	-0.000907073	0.00069322	0.00648341	-0.00040087	-0.00317826	0.00121983	-0.0049442	0.0051082	0.0125019	0.000628283	-0.00543244	0.00249719	-0.00533995	-0.00107046	-0.0018847	-0.000117465	0.000714571	-0.00486866	0.0170679	-0.00206025	-0.00473186	0.00841778	-8.54677e-05	0.00109589	0.00220423	0.00286404	0.00256722	-0.00563053	0.00520195	0.000460514	0.0104622	-0.00134932	-0.014145	0.00309639	
2	0	0.237698	0.317489	0.321225	0.317687	0.282038	0.267125	0.239075	0.213773	0.19263	0.171774	0.216481	0.210848	0.202361	0.176391	0.17265	0.147787	0.134518	0.123504	0.1178	0.106136	0.0811164	0.0797847	0.0701003	0.0712244	0.0653329	0.0487154	0.0489894	0.0495159	0.0365114	0.0269852	0.0356849	0.0244735	0.0222122	0.0289839	0.0325901	0.0148029	0.0100919	0.013856	0.0110563	0.00895053	0.00634477	-0.00196161	0.0144472	0.0139547	0.0141585	-0.00178285	0.00321148	0.0123095	-0.00908555	-0.00174571	0.00401716	0.00702168	0.000245772	0.00703314	-0.00681615	0.000398922	0.0063455	-0.0114816	-0.000691703	0.0117181	0.00201015	0.00817365	-0.00395188	-0.00947899	-0.000338822	0.00542788	-0.0189862	-0.00393035	0.00356761	-0.00828938	0.00662228	0.0134395	-0.00385904	0.00595683	0.0012894	-0.0029727	-0.00403611	0.00811074	0.00596425	0.00040045	0.00553937	0.0122425	0.00153603	0.00971365	0.000250547	0.00304096	-0.000838117	0.0132226	-0.00112054	0.0031011	-0.000588765	0.0101605	0.00963811	0.0009629	-0.00575339	-0.00257623	-0.00655067	-0.0038836	0.00386685	-0.00248245	
2	0	0.250256	0.325994	0.337464	0.308473	0.290817	0.249243	0.234799	0.201693	0.194469	0.188356	0.212511	0.204533	0.199689	0.173363	0.173238	0.144929	0.13825	0.124958	0.113826	0.0845252	0.0790856	0.0723958	0.0752	0.0831998	0.0576419	0.0413513	0.0471894	0.0394121	0.0345504	0.0240432	0.0432972	0.0237319	0.0296069	0.0219362	0.0120476	0.00852318	0.0181093	0.0264824	0.0183082	0.0172365	0.0154048	0.0109437	0.0181033	-0.000985682	0.000463042	0.00790661	0.00692416	0.00863007	0.0124282	0.00525846	0.0107071	8.35104e-05	-0.00384173	-0.00223197	0.0098036	-0.00371576	0.00445881	0.00120084	-0.0124714	-0.00243362	0.00384547	-0.00521296	0.000790329	-0.00476237	-0.00530369	0.010533	-0.00462284	0.0107247	9.99453e-05	-0.00476809	-0.000402765	-0.0161951	0.000152203	-0.00287192	-0.0037649	-0.000252082	0.001077	-0.00451061	-0.000675359	-0.0079696	-0.00741748	-0.0018061	0.0112876	-0.000282829	-0.00304223	0.00361542	0.00579919	0.00439369	-0.00977072	0.0105413	0.000974302	-0.00644889	-0.00231368	-0.0082233	-0.00992998	-0.00135751	-0.0094742	-0.0119227	0.00282954	0.00444861	
2	0	0.245274	0.325413	0.331915	0.313116	0.284199	0.257397	0.234702	0.208776	0.197324	0.180075	0.199809	0.199792	0.194186	0.168865	0.161109	0.157875	0.146499	0.114208	0.108939	0.106919	0.074262	0.0804765	0.0835055	0.076227	0.061401	0.0546141	0.0545538	0.0496116	0.0488726	0.0318052	0.0384741	0.0249933	0.0276087	0.0358511	0.0297649	0.0415438	0.0209713	0.0208515	0.0161965	0.0309628	0.02592	0.00255425	0.0242885	-0.000790531	0.012227	0.00427161	0.00626654	-0.00230616	0.00614344	0.0108436	-0.00438023	0.00951037	0.0142202	0.00347718	0.00867264	0.00342992	-0.0126841	0.0073249	0.0097289	-0.00347493	-0.00339815	-0.00940749	-0.00285319	0.00912733	-0.0051776	0.002904	0.0017987	0.00252931	-0.00805516	-0.00714991	-0.00290537	-0.00388606	-0.00440755	-0.00316762	-0.00737859	0.0118162	-0.00241241	-0.00410984	-0.00404649	-0.00792716	-0.00143723	0.00651968	0.00160058	0.00950171	-0.00999834	-0.00137919	0.0111191	-0.00759313	0.00966127	-0.0169374	-0.000218168	-0.00363143	0.00592443	-0.0217096	-0.00758847	-0.00195003	-0.00243546	-0.00821385	-0.0103799	-0.00848363	
2	0	0.217193	0.329646	0.335103	0.313539	0.281896	0.258136	0.243688	0.214014	0.188774	0.173032	0.214304	0.207174	0.191734	0.180477	0.176682	0.141009	0.142943	0.122543	0.110834	0.10156	0.082554	0.0877512	0.0783069	0.0635871	0.0645062	0.0544311	0.0437434	0.0489875	0.0579912	0.0318878	0.0324695	0.0205406	0.0323855	0.0213489	0.0236453	0.0278082	0.0114078	0.00352598	0.0151595	0.00979656	0.0116925	-0.00146361	0.0151156	0.0134469	-0.0017715	0.00906637	0.0184568	0.00801549	-0.00460314	0.0176976	0.00535842	-0.00846398	0.00873139	0.00153152	0.00176468	0.0130784	0.00439778	-0.0087284	-0.0071149	-0.00273415	-0.0140318	0.00322814	-0.00423663	0.00197394	0.00323495	0.00451713	0.00348011	0.00992159	0.00143108	0.0052894	0.00221714	0.000579177	-0.000643966	-0.00505949	-0.00396436	0.00646027	0.00251422	-0.0212424	0.0111383	0.00729116	-0.00266438	0.0119298	-0.0111226	-0.0113932	0.00293575	-0.00325249	-0.00600993	-0.000227941	-0.00294495	-0.0124306	-0.00355958	0.0109263	-0.00392871	-0.00773272	0.0101666	-0.0067714	-0.00195116	-0.00749509	-0.00504398	0.00357098	
2	0	0.251901	0.325154	0.339501	0.305479	0.281177	0.267558	0.233993	0.208167	0.197349	0.183763	0.213179	0.191909	0.199844	0.168915	0.159204	0.138209	0.135611	0.126774	0.10686	0.094481	0.092773	0.0731155	0.0744634	0.0694565	0.0504169	0.0587147	0.0570846	0.0509391	0.0392103	0.042757	0.0344245	0.0362263	0.0390278	0.0217442	0.0219128	0.0231908	0.0158902	0.016761	0.0101896	0.0196866	0.0290278	0.0100034	0.00755517	0.0102589	0.0254907	0.0113419	0.00382806	0.00872628	0.0164971	-0.00651912	0.00862102	-0.00320295	0.00522587	0.00819717	0.00625038	0.006294	0.00187487	0.00369507	-0.00719905	0.00748969	-0.00313448	-0.012303	0.00607048	0.00932361	-0.00434473	0.00178967	0.00484332	0.0013019	0.0102068	0.00688979	0.00108918	0.0138544	-0.00057726	0.00418562	0.000837033	-0.00101562	0.0058933	-0.0101696	-0.0114856	0.00442612	0.0102676	0.00223065	0.00166556	-0.00360942	-0.00908198	-0.00294421	-0.00610043	-0.0105222	0.00350468	0.00082527	-0.000248661	-0.000975624	-0.00963374	-0.0141261	-0.0161155	-0.00307216	-0.00661949	-0.00885375	0.000313155	0.00263512	
2	0	0.265148	0.325568	0.327141	0.316081	0.283876	0.265459	0.231927	0.201482	0.192764	0.171763	0.207741	0.206527	0.181676	0.174545	0.161226	0.159769	0.144936	0.126771	0.107436	0.0993998	0.0837146	0.0740791	0.0711655	0.067184	0.0629028	0.0493424	0.0560876	0.0461351	0.0391106	0.0408898	0.0249236	0.0250082	0.0211408	0.0238137	0.0237749	0.0194648	0.0221791	0.0108689	0.00599009	0.0215182	0.00886221	0.0102118	0.00736193	0.021133	0.00104961	0.0121727	0.00356345	0.00342305	0.0101776	-0.0113251	0.0161222	0.00676094	-0.00628364	-0.00745364	-0.000206869	-0.00205029	-0.00217697	0.00329976	0.0137449	-0.00638645	0.00615685	0.00140046	0.0110058	0.00857651	-0.0113807	-0.00165238	0.00353267	-0.00627695	-0.00454516	-0.0105584	0.00423447	-0.012409	0.00837214	-0.00188314	0.00277338	-0.00394303	0.00406624	0.00749112	0.0014027	0.0217261	-0.00514087	-0.00127511	-0.00609872	0.000660767	0.0021027	-0.00185197	-0.00389439	-0.0103168	0.00482926	-0.0119331	-0.0170084	0.000981296	-0.0091868	-0.00229607	0.00143917	-0.00253565	0.000370763	0.00578481	-0.0112864	0.0100154	
2	0	0.246012	0.326488	0.320766	0.320087	0.275019	0.256041	0.229865	0.208443	0.193136	0.185373	0.21087	0.210947	0.200295	0.179774	0.157266	0.154402	0.138112	0.134455	0.109157	0.109198	0.0874472	0.0755904	0.0827121	0.05379	0.0643518	0.0569216	0.051115	0.0387093	0.0320331	0.0440121	0.0395959	0.0315623	0.0279283	0.0239631	0.0311383	0.0229613	0.0146964	0.0239398	0.00365907	0.0166792	0.0190168	0.0167188	0.00594471	0.00204969	0.0115583	0.0147987	0.00430917	0.00800114	0.00756001	-0.00279514	-0.0043772	0.00929033	0.00399515	0.0202551	-0.00443454	0.0040891	-0.00749136	-0.00275594	0.00164651	-0.00438117	-0.00657853	0.00806691	0.00141927	0.00178387	0.000590386	-0.000837579	0.0040593	-0.00751619	-0.00208255	0.00521734	-0.00306325	0.00145417	-0.000407518	-0.000146763	0.00172103	0.00382161	0.00835828	-0.0109859	0.00495643	0.000707601	-0.00773877	0.0159695	-0.00735499	-0.00690965	0.000366752	0.00389743	-0.00682531	-0.0184444	0.000522897	0.00469974	-0.00392551	0.00781397	-0.00529675	-0.00729911	0.00194266	0.00702011	-0.00178059	0.00255353	-0.00379974	0.00251107	
2	0	0.268824	0.317688	0.319194	0.315261	0.279124	0.262265	0.244448	0.21376	0.181428	0.171547	0.205279	0.205503	0.197137	0.178141	0.176106	0.136786	0.137614	0.12314	0.105252	0.107762	0.103527	0.0717291	0.0756719	0.0834652	0.0556064	0.0521815	0.0495419	0.0435678	0.0389174	0.034966	0.0381496	0.0146638	0.0422191	0.0172739	0.0183127	0.0144501	0.0136751	0.0108827	0.0140199	0.0125357	0.00631352	0.00684103	0.00658761	0.0169887	0.00701335	0.0138797	0.00109347	0.00033092	0.0121158	0.00738409	0.00225698	-0.000209853	0.00651629	-0.00784097	0.00730211	0.00509248	-0.00881012	0.00698922	0.00268336	0.00539112	0.0108124	-0.00886467	-0.00444519	0.00430759	-0.00183828	-0.00478309	0.00198905	0.0054268	0.00139314	0.00460403	-0.0058728	0.0110363	-0.00148669	0.0214707	-0.000274198	-0.0134525	-0.00103105	-0.00146794	-0.00124841	-0.00443322	0.0101056	-0.00184316	-0.00129978	0.00925325	0.00210266	0.0160234	0.00902709	0.00233014	0.00271126	0.00960441	0.00395719	0.00169828	-0.00695295	-0.00238337	-0.00714233	-0.00248591	-0.000716019	-0.00136155	0.00291484	-0.00360884	
3	0	-0.00232057	-0.0197411	-0.0299756	-0.0947364	-0.190995	-0.290796	-0.389972	-0.392961	-0.256088	0.0223741	0.260273	0.393713	0.365667	0.310067	0.171152	0.0865464	0.020674	0.0186911	0.0149491	-0.00657083	-0.00679443	0.0118902	0.00335745	-0.00232449	-0.00372103	-0.00653346	-0.0129226	-0.00799283	0.0106425	0.00210736	-0.00879514	0.00310273	-0.00250448	0.000516587	-0.00358349	-0.0045884	0.021485	0.00521671	0.00044231	0.00771984	0.00461901	-0.0019701	0.00692346	-0.0122032	0.00023372	-0.0112741	-0.00420281	0.00247614	-0.00457122	0.00450476	0.00922097	-0.00267987	-0.0151358	0.0135161	8.08058e-05	0.010787	-0.00337336	-0.00387758	0.00670808	-0.0178435	-0.00435833	0.00109381	-0.00587631	-0.011971	0.00278163	-0.00618011	-0.00375899	0.00585426	0.00268702	-0.00278126	0.00610074	-0.00388564	-0.005657	0.0161419	0.000738818	-0.0064875	-0.00688119	-0.00618046	0.0201207	0.0150048	-0.000908151	-0.000467682	-0.00865929	0.00207468	-0.00718227	0.00538351	-0.00792351	0.00712385	0.00614336	0.0212761	-0.0185776	0.000101599	-0.0113315	0.0117267	0.00136542	-0.00149147	0.00133752	0.00747535	-0.00114841	-0.0109593	
3	0	0.0147042	-0.00891385	-0.0343192	-0.0891801	-0.184026	-0.268471	-0.38714	-0.394419	-0.280094	0.0439607	0.255474	0.396013	0.387704	0.290166	0.168572	0.0844713	0.025928	0.00397751	0.00911961	-0.00453757	0.0052478	-0.0110152	0.00249777	0.00568866	-0.000201166	-0.00233634	-0.0104778	-0.0131228	-0.00250751	-0.0074279	-0.00301064	-0.0131579	0.019319	0.00147575	-0.0168652	-0.00246631	0.00752732	0.00495941	0.0197465	0.00385742	0.00399774	-0.0141884	0.00608303	0.00061314	-0.000304459	-0.00959648	-0.00670894	-0.00257314	0.00193217	-0.0058614	0.00312208	-0.0124208	-0.0141767	0.00488076	0.0104344	-0.00412336	0.00698541	0.0204919	0.0166336	-0.00466785	0.0128656	0.00250849	-0.000498675	-0.00191363	-0.00665201	0.0030152	-0.00558675	-0.00659043	0.00272535	0.00646939	-0.0152492	0.000472839	-0.00903791	-0.00267662	-0.0089979	0.0063001	0.0019062	0.00454457	-0.0013747	-0.00849196	0.000972158	-0.00490798	-0.0102987	0.00166932	-0.00166384	0.00306697	-0.00835646	0.00476708	-0.00347245	-0.00781765	0.00121683	-0.013027	0.0218285	0.0127149	0.0101685	0.00941286	-0.000625416	0.00456183	-0.00579763	0.00197122	
3	0	-0.00112554	-0.0137157	-0.0422485	-0.0709036	-0.184669	-0.28504	-0.395764	-0.390202	-0.252123	0.0234361	0.249462	0.40162	0.390856	0.279977	0.192582	0.0804538	0.0205175	0.0272853	-0.0127438	-0.00194288	-0.00196323	0.0133684	0.00126721	-0.00286962	0.0105124	0.00735597	-0.0022033	0.0138642	0.0120824	-0.0111008	-0.0131036	-0.00518162	0.012539	0.00560845	-0.00999887	0.00294939	0.006875	-0.00419499	-0.000345116	0.0149863	-0.00483873	0.000212108	0.00257172	0.0158921	-0.0171009	-0.00887288	-0.000720174	0.00145796	-0.0174852	-0.0135295	0.00361745	-0.00847398	0.00503695	0.00807187	0.00207913	-0.00698617	-0.00637752	-0.00173151	0.00996039	-0.00607389	0.00438881	-0.00139396	0.0105822	-0.0078023	0.00781701	-0.0113248	-0.00410878	0.00137947	0.0074937	-0.00501869	-0.0138613	0.0106453	0.00393148	-0.00510708	-0.000904619	-0.00251623	0.00870686	0.00292313	-0.00427213	-0.00416329	-0.0108916	-0.0021372	-0.00103079	-0.00930715	0.0058817	0.00301822	-0.0121779	0.00353828	0.00217982	-0.00211313	-0.00919373	0.00744638	-0.0106118	0.000715676	-0.00739838	-0.0090819	0.00134713	0.00245286	0.00474994	-0.0101577	
3	0	-0.00430604	-0.0140793	-0.0198564	-0.0996973	-0.16427	-0.273998	-0.395206	-0.408602	-0.263629	-0.00975893	0.254037	0.384669	0.392066	0.277849	0.19384	0.0865204	0.0187417	-0.00631361	0.00234019	0.00345629	-0.00250627	0.00825277	-0.00986016	-0.00741888	-0.0162	-0.00933644	-0.0032283	0.00768886	0.00398211	0.000519052	-0.00120874	-0.00370045	-0.000210872	-0.00472832	0.00889512	0.00672455	-0.00202045	0.000878345	-0.0026431	0.012422	-0.00323991	-0.00581513	0.0164514	-0.0123049	0.0202602	0.0109094	0.0114473	0.0116327	0.00603558	0.00562707	-0.00551462	-0.00986011	0.00783211	-0.0103828	-0.00193042	-0.00191761	0.00300877	-0.0168632	-0.0080609	0.0154791	-0.00910129	-0.0166585	-0.00460064	0.00704951	-0.000147033	-0.0159854	0.00136434	0.0133848	-0.0126729	0.00748109	0.00376526	-0.00358829	0.000658914	-0.0169448	0.0109191	-0.00620513	-0.00466714	0.000796238	-0.00103828	-0.00421419	0.00274823	-0.00501787	0.0134142	-0.00724955	0.00323198	-0.00640001	0.0109297	0.00515277	-0.00549807	0.00801862	0.00724845	0.00983365	0.00137596	-0.00249717	-0.000368539	0.000660375	0.000206184	-0.00122935	0.00262229	0.014769	
3	0	-0.00542574	-0.00989157	-0.0375427	-0.078292	-0.174078	-0.286307	-0.412999	-0.381102	-0.281735	-0.0114631	0.215453	0.395654	0.385005	0.28724	0.189826	0.0759825	0.0323324	0.0190551	0.00507205	0.0113165	-0.0112009	-0.00886716	0.0178005	-0.0112771	-0.00454252	-0.00529427	0.0124102	-0.00846564	-0.00345896	-0.000632582	-0.00901983	0.0115741	0.00363141	-0.0158766	-0.0284698	-0.0024384	0.0188674	0.00434874	0.0229278	-0.00591276	-0.0071355	0.0180553	-0.00894688	-0.00353723	-0.0146483	-0.000142599	-0.00145301	-0.00294634	0.00328383	0.00391771	0.00836365	-0.00516458	0.00183741	0.00595565	0.0051228	0.00802162	-0.00672586	0.00195468	-0.0137075	-0.00211807	-0.00360967	0.00111309	-0.00140929	0.00852737	0.00403621	0.000844017	0.000183399	-0.0175809	-0.0024221	0.00686914	0.00174834	-0.0210245	0.00937315	-0.00583646	0.00658489	0.00312173	-0.00390619	-0.0201654	-0.0097259	0.00510455	0.00484039	0.00697544	-0.0021964	-0.00826101	0.0124602	0.00666251	-0.00162185	0.00805896	0.00105152	0.00656706	0.00672445	0.0193771	0.00454615	0.00406835	0.00454189	0.0190613	-0.00151053	-0.0147201	0.00193515	-0.0130702	
3	0	0.00688819	0.000869464	-0.0335084	-0.0746884	-0.168212	-0.306986	-0.39891	-0.401799	-0.267743	-0.0073173	0.2395	0.389791	0.383494	0.281489	0.174296	0.0779858	0.0331816	0.000465463	-0.00782551	-0.00300216	-0.00678548	-0.000262096	-0.020741	-0.00498851	-0.00476536	-0.0158328	0.013395	-0.000492894	-0.0019934	7.93999e-05	0.00508791	0.0124468	-0.0197668	-0.00896915	0.0179804	-0.00308142	0.00220053	-0.0114541	0.00578909	0.0123017	-0.00472529	-0.00635739	-0.00833642	0.00156627	-0.00317459	-0.0133165	0.00812422	0.00320093	-0.00262551	0.000240377	-0.0102315	0.00790654	0.00238261	-0.0108484	-0.00686241	0.00800124	0.000807432	0.000331511	0.00205342	0.00663097	-0.0169689	0.000867792	-0.00672002	-0.00709508	0.00389342	-0.00332357	-0.0101553	-0.00725713	-0.0116871	0.0128194	-0.00374262	0.00450674	-0.00206999	0.00137863	0.00338869	-0.000974935	-0.00353242	0.00798311	0.010419	0.00595347	-0.00247648	-0.00713071	-0.00268777	0.00550949	0.00545366	-0.00914888	0.00339996	0.00517853	-0.00265447	-0.00824072	-0.00957717	0.000594874	-0.00345657	-0.00718425	0.0141466	0.00578445	0.00874651	0.000879308	-0.00626303	0.00914002	
3	0	-0.0125042	-0.00585894	-0.0318687	-0.104809	-0.18703	-0.315045	-0.378233	-0.389734	-0.27102	0.0314	0.244322	0.391636	0.385091	0.279969	0.174994	0.0881312	0.0367544	0.0127763	0.0116136	-0.00624182	0.00869806	-0.00336133	-0.0043245	0.00220136	-0.0100026	0.013947	-0.00471156	0.010588	0.00379459	-0.00731363	0.00903047	0.00803536	-0.00271394	0.00577822	-0.00186153	0.00610954	-0.00790864	-0.00663973	0.00323211	-0.0120362	-0.0067421	0.00932008	0.00288288	-0.0122831	-0.0074652	-0.00155776	0.00439484	-0.000277784	-0.00388893	0.00992994	0.00971305	0.00302727	-0.00509425	-0.0113989	-0.0107419	0.00322607	-0.00195169	-0.0147318	0.0127747	0.000728287	-0.00231382	0.00948631	0.00289938	-0.0130146	-0.00134114	0.00329798	-0.00510378	-0.0129431	-0.00514125	0.000468349	0.0137162	0.0149896	0.000503549	-0.00587207	-0.0111382	0.015263	-0.00454867	0.00081022	0.000312625	-0.00630211	0.00205842	-0.00012717	0.00919519	-0.00743939	0.00607009	-0.00490562	-0.00251589	0.00113354	0.000199733	-0.00379415	0.000980478	0.0118551	-0.00278221	-0.00341119	0.00384655	-0.00378925	-0.000898411	-0.0136332	-0.00545264	-0.0015538	
3	0	-0.00998799	-0.0106732	-0.0529408	-0.0718719	-0.151706	-0.289075	-0.380935	-0.404011	-0.269123	0.0178345	0.254992	0.392992	0.398484	0.285608	0.165968	0.104173	0.0450174	0.0139011	0.00446149	0.00224117	0.00233966	0.0128661	-0.00197214	0.00338306	-0.00763292	-0.00731904	0.00165002	-0.00468479	0.000271361	-0.00284511	0.00375006	0.00147775	0.00545645	0.0197774	-0.00359867	2.42936e-06	0.0136052	0.000928202	-0.00325819	-0.00724736	-0.000698734	0.0118482	0.00848849	-0.00040378	-4.93895e-06	-0.00194618	-0.000729688	-0.00373369	-0.000616926	-0.00226377	0.00262691	0.00922432	-0.00834869	-0.0104088	0.0042195	-0.00971297	-0.00428864	-0.00779951	0.00741353	-0.00745856	-0.00525281	-0.00025504	0.00814196	0.00288068	0.00952282	0.0030012	-0.0137832	-0.000258111	0.00390426	-0.00259207	0.00113994	0.00101694	-0.00557328	-0.00799669	0.00208533	0.00349728	0.000963581	0.00364873	0.00297965	-0.00446172	-0.0022598	0.00984522	-0.00576287	-0.0144693	0.00844027	0.00386662	0.0010416	0.0177005	-0.0110541	-0.00597206	-0.00419094	-0.00309902	0.0130289	0.00359771	-9.90775e-05	0.00422985	0.00301031	-0.00208699	0.0116407	0.000758546	
3	0	0.000391258	0.00404748	-0.0288196	-0.0730202	-0.176194	-0.300477	-0.38281	-0.402603	-0.240089	0.0161244	0.251366	0.391014	0.386927	0.307462	0.167762	0.104252	0.0330032	0.00415786	-0.00701938	0.0137646	-0.0120594	-0.0090077	0.00887628	-0.00026578	0.00904812	-0.00542733	0.0135106	-0.0059333	-0.00644838	0.00289722	0.0027339	-0.0100909	-0.00975984	-0.000959857	0.00287764	0.0081625	-0.00568879	-0.00582868	0.0097374	0.00362739	0.0193925	-0.00422186	0.000824974	-0.000678303	0.0142301	0.00576383	-0.000222067	0.00201269	-0.00448138	0.00406313	0.00226656	-0.00277493	0.00313134	0.00510713	-0.0096566	0.00293339	0.00667409	-0.00970804	-0.00390624	0.0160192	-0.0064088	-0.00988614	0.0116064	-0.00901606	0.00644226	-0.00986322	0.00380351	0.000966487	-0.00795296	-0.0142913	-0.000730532	-0.00794369	0.00593177	-0.0112241	0.00380379	0.00658575	0.00504227	0.00254542	0.00204256	-0.00272455	0.0239078	0.0114545	-0.0177162	-0.000834244	0.00131393	0.00732404	0.00261099	-0.00902686	-0.0113835	0.00523323	0.0054952	-0.0039455	0.000710773	0.00362432	-0.015084	0.00337697	0.00517024	-0.0121873	-0.000817212	-0.00286111	
3	0	-0.00194977	0.00140135	-0.0366244	-0.0787525	-0.157995	-0.287352	-0.39763	-0.38312	-0.236975	-0.0299135	0.269793	0.406779	0.398942	0.290608	0.175306	0.0672243	0.0252716	0.00978455	0.0046258	0.0151015	-0.00235317	0.00394785	-0.00139927	-0.0057647	0.00275744	0.0190357	-0.0119174	0.0020805	0.00701957	0.0059136	0.0150172	-0.00325472	0.0118168	-0.00297104	-0.00108556	-0.0135414	0.0222698	-0.00795764	0.00680243	-0.0140147	-0.002363	-0.0108913	-0.00508608	-0.00239354	0.0117821	-0.0024758	0.0034279	-0.000871648	0.00165126	0.00247844	0.00229553	0.00801053	-0.00303486	-0.00955352	-0.00129308	0.00289353	-0.000456948	-0.003795	0.00381718	0.00175946	-0.00229578	0.0062206	0.00970174	-0.00343145	-0.0121573	0.0114401	-0.00729278	-0.00108972	0.00576269	0.000616229	-0.00157713	0.00595974	0.014256	-3.20305e-05	-0.000858203	0.0052291	0.0022113	-0.00115421	0.00142569	0.00869778	-0.00633119	0.00520138	-0.0227548	0.0122409	0.00642545	-0.00265484	-0.00700369	-0.00258225	0.00250245	-0.00459028	0.00135666	-0.000403396	-0.00682997	0.00410071	-0.0134301	-0.00626415	0.0144211	0.000615869	0.00878612	-0.00232046	
4	0	0.000115932	0.00252308	-0.0177581	0.000369488	0.00797135	-0.00109961	0.0233671	0.0345352	0.0695901	0.11172	0.185409	0.273857	0.321309	0.415454	0.410715	0.394634	0.364455	0.270499	0.19044	0.124076	0.0689465	0.0427458	0.0255377	-0.00558796	0.00550989	0.00335047	0.00124511	0.00436085	-0.0079583	-0.00637769	0.00116179	0.0147774	-0.00568955	0.0125743	0.00766856	-0.00569245	0.00291078	-0.00616981	-0.000217293	0.000329021	0.00383072	0.00266711	0.0092994	0.00225725	-0.00385936	-0.0203642	-0.00853065	0.00579051	-0.00451789	0.00127714	0.00260244	-0.00409559	-0.0264459	0.00263899	0.0165131	0.00595671	-0.0017856	0.00179117	0.00444119	-0.00715731	0.00357752	-0.0198292	-0.016633	0.00586948	-0.00599962	0.00106195	0.00713231	-0.00904651	-0.0121848	-0.0117492	0.0020494	-0.0085474	-0.00374611	0.00241884	0.00776678	0.0131526	-0.00467236	0.0100448	0.0210601	-0.00129057	0.00551609	-0.00191377	0.00810894	0.0158402	-0.00316482	0.0100127	0.00355497	0.00524436	0.0062246	-0.00183795	0.0028648	0.00644587	0.010361	-0.00564521	-0.00408793	0.00711567	0.0117771	0.0053663	0.00119588	-0.021167	
4	0	-0.0146923	6.18747e-05	0.00945201	0.00333424	0.00660546	-0.00343685	0.023023	0.0362428	0.0802418	0.109413	0.184095	0.270386	0.348593	0.405588	0.426809	0.394902	0.339514	0.257621	0.180428	0.129458	0.0928226	0.0358544	-0.014539	0.00564766	-0.00139077	0.00187881	-0.00408476	-0.0195599	0.00508744	0.0174541	0.0223411	0.00606054	0.00207022	-0.0160921	-0.0109898	0.00923555	0.00170548	-0.00629642	-0.00400987	0.000710421	-0.00265334	-0.0112904	-0.0170196	0.00262437	0.00846016	-0.00304387	-0.0177832	0.0125159	-0.0156882	-0.00327044	0.0173257	0.00167408	0.0142368	0.0136359	-0.000428286	-0.00440067	-0.00388155	0.0156948	0.00376602	-0.00381984	0.00890645	-0.00332656	0.00356432	-0.0103942	0.00273585	0.00406238	0.0011378	0.00840748	0.0143033	0.00277101	0.0095878	0.00601981	0.00637951	0.0203065	0.0158314	-0.00881847	-0.00413037	0.00634689	-0.00846422	-0.00304673	-0.00626458	0.0078119	0.00392944	0.00430692	0.00251589	0.00151869	0.0150911	0.0142236	-0.0161144	-0.00114835	-0.0121318	-8.08233e-05	0.00419136	-0.0112436	0.000540414	0.00601808	0.00414813	0.00542112	-0.00338841	0.0178395	
4	0	0.00618469	0.017419	-0.00178594	-0.00350481	0.00557234	0.0158904	0.00809003	0.0356144	0.0710021	0.114996	0.198489	0.269537	0.34385	0.410528	0.41934	0.38613	0.343364	0.26956	0.191018	0.117429	0.0842925	0.0378251	0.0117741	0.000207311	0.0167194	0.00454471	0.0173449	0.015903	0.00706208	-0.00386923	0.00555362	-0.000964129	-0.00853755	-0.00519479	-0.000987099	-0.0139498	0.00582167	-0.00279562	-0.0114251	-0.00397081	-0.0136041	-0.0101354	0.00392857	0.0112417	-0.00116361	-0.00484616	-0.00259603	0.0292547	0.00305399	0.00144822	0.00245945	-0.0118606	-0.00516588	-0.00199402	0.000460568	-0.000120521	-0.00769125	0.00486153	-0.000147	-0.00351332	-0.0080173	0.00225334	0.00856294	-0.00271926	-0.00577656	-0.0119884	-0.0149402	0.00368841	-0.0022996	0.00759665	-0.00780734	-0.0127941	0.0022237	-0.00343995	-0.0177322	-0.00312266	-0.00307473	-0.00641884	-0.0077037	-0.0119568	-0.0189494	-0.00658505	-0.00222522	0.00891514	0.00305843	-0.0054942	0.00989106	-0.00264573	-0.00596304	0.00732101	-0.000277333	0.00842994	-0.00216299	-0.00701023	-0.000671431	0.00680455	-0.017467	0.00555239	0.0191483	0.0203476	
4	0	-9.89807e-05	0.00850821	-0.00711285	0.00923797	-0.00510871	0.0066563	0.0314137	0.0340292	0.0730648	0.1261	0.199848	0.27606	0.313815	0.412452	0.405975	0.410459	0.362892	0.244699	0.192394	0.134292	0.0554764	0.029641	0.0190501	0.00894947	-0.0166472	0.00221811	-0.00953466	-0.00367694	0.00219199	0.00369279	0.00655836	0.00226542	-0.00311858	0.00988944	0.0211559	-0.0119691	-0.00882166	-0.000533451	0.00467436	0.00640985	0.0141264	0.0178817	0.0103468	-0.0108777	0.0232815	-0.00785984	0.00294974	0.000965358	-0.000916959	-0.00321586	0.00679216	-0.00716871	-0.00433377	0.00239432	0.00309549	0.0155709	0.0122487	-0.000101044	-0.00461715	0.0150999	0.0105295	-0.00397458	0.00562005	0.0154915	0.00752236	-0.0115785	0.00129698	-0.00333222	-0.00301377	-0.00842477	-0.00313669	0.0131442	0.00667431	0.00253619	0.0134478	-0.00141108	-0.00306176	0.00646643	0.00888337	0.00069601	-0.0178611	0.00785882	-0.00655344	-0.012721	0.0153258	0.00329536	0.00388287	-0.0157503	0.0161538	-0.0150209	0.0122565	0.015327	-0.00122735	0.00243043	-0.000323501	-0.0120114	0.0139751	-0.00179976	0.00355464	0.0170157	
4	0	0.012665	-0.0141604	0.0128955	0.00272668	-0.00864875	0.00256302	0.0250971	0.0472904	0.080451	0.118251	0.205884	0.268812	0.354294	0.410495	0.419445	0.388012	0.334012	0.251361	0.199577	0.11099	0.072566	0.034438	0.0259982	0.0117579	0.000110845	0.0238686	-0.00460722	0.00341183	-0.0109605	0.000456074	0.00661225	0.00201401	-0.0116955	0.0191277	0.015557	0.00641004	0.0118083	-0.00653936	-0.00176478	0.00382436	-0.00221017	0.00653481	-0.0351856	-0.000354099	-0.00198332	-0.00645528	0.00599507	0.0041969	0.00710442	0.000616211	-0.0192301	0.000204035	8.34164e-06	-0.000245524	-0.011978	0.00900015	-0.0139792	0.00339344	1.83512e-05	-0.00277051	0.00549368	0.0103685	0.000163465	-0.0112172	0.00589639	0.00631568	-0.00514987	-0.0100576	0.013195	-0.00872404	0.0101677	-0.014602	0.00411434	0.00644114	0.00266243	-0.00432304	0.00121456	-0.00225941	-0.00291684	-0.010195	0.0019823	9.53697e-05	0.00713955	-0.0130077	-0.00315464	0.000807567	0.00772847	0.0124602	0.0137684	-0.000446075	0.00380723	-0.00531371	0.0114448	-0.0119081	-0.000981708	0.00237572	0.0103859	0.00417208	0.0140952	-0.014555	
4	0	-0.00293455	0.0166991	-0.0204802	-0.0103888	1.64577e-05	0.0137426	0.0391942	0.0282297	0.0492408	0.137304	0.187796	0.24996	0.350022	0.401786	0.398695	0.417673	0.333051	0.302562	0.182228	0.110466	0.0774863	0.0307949	0.0248578	0.0044404	-0.000124981	0.0176138	0.00340129	0.0021552	-0.00102215	0.00158392	0.0128603	0.000566967	0.0127601	0.00555367	-0.00877733	0.00362211	0.008207	0.0120654	0.00281783	-0.00177549	0.000346126	-0.00151357	-0.0116371	-0.0069931	-0.0161184	-0.0147285	-0.00150259	0.00770503	0.00623889	0.0130222	-0.00365249	0.00695243	0.00134599	0.00141879	0.00890605	-0.00708049	-0.0108841	0.00125294	-0.00360694	0.0105707	-0.00385537	-0.00809018	-0.00625985	0.0122103	-0.0138308	-0.00314002	-0.0128778	0.00778044	-0.00747805	0.00525051	-0.00475459	0.00929012	-0.00698838	-0.00237603	0.00451801	0.00173594	-0.0114736	0.00494389	-0.00113074	0.0116326	0.0106055	-0.00589634	-0.00777175	0.00907279	-0.0152835	0.00149766	-0.00714038	-0.00310909	0.00109782	0.0113184	0.00491532	-0.00558632	0.0100738	-0.00882128	0.00170085	0.00976859	-0.00101277	-0.00828285	0.00522347	0.00596775	
4	0	0.00713721	0.000133183	0.012767	0.0125734	0.0265491	0.0238257	0.00588107	0.0280027	0.0687335	0.108937	0.206439	0.276809	0.343452	0.418115	0.396046	0.390047	0.345775	0.269984	0.190668	0.120452	0.0841659	0.0345113	0.0110438	-0.0161835	0.0018286	-0.00607013	-0.000312773	-0.00551675	-0.00586213	0.00961949	0.0192892	-0.00988334	-0.00636695	-0.00939996	0.0060301	0.00747285	-0.0129902	0.00592318	-0.00568074	-0.0135634	0.0136792	0.027555	-0.00530819	-0.0112598	-0.000815278	0.0069075	0.00972464	-0.0108832	-0.0108669	0.0119103	-0.00752234	0.014145	-0.0019952	0.000114735	0.0174258	-0.0169665	0.0056014	0.00606118	0.00867851	-0.0115816	0.00692623	0.000108054	-0.0031769	-0.00780372	-0.00921542	0.00301233	-0.0107573	0.00171461	-0.00978296	-0.00189579	0.00627515	-0.00396321	-0.0127321	0.0148842	-0.00184647	0.0114293	-0.00066158	-0.0141579	0.0127814	-0.00286308	-0.00920595	0.00928143	0.0163986	-0.0169856	0.0143596	-0.00344769	-0.00501017	-0.0166667	-0.0137033	-0.00921227	0.0195053	-0.000622371	0.0059717	0.0118216	0.000534766	-0.00936869	0.00475927	0.0135169	-0.0046798	0.0114979	
4	0	-0.00507622	0.00928979	0.00477601	0.00492498	0.0185759	0.00720307	0.0236741	0.0223311	0.0668293	0.117469	0.175525	0.260919	0.36622	0.392833	0.417587	0.399449	0.351583	0.269189	0.192237	0.103512	0.0767373	0.0401078	0.017074	0.0250982	-0.00405617	-0.00320589	0.00920846	-0.00275786	-0.00315451	0.00166838	0.00446652	-0.0166422	-0.0119047	-0.00812726	0.00535894	-0.0162206	-0.00769973	-0.0142461	-0.0146797	-0.00444439	-0.0136947	-0.00864635	0.00605372	-0.0136708	-0.000594248	-0.0135699	-0.0176434	-0.000614536	-0.00582868	0.000330978	0.0130475	0.00562003	0.00695892	0.00550403	0.00964884	0.00242179	-0.000225218	0.0117779	-0.00297063	-0.00906879	0.00340641	0.0205248	0.0142573	0.0108469	0.00811208	0.0126102	0.0101771	-0.0165969	-0.0130544	0.00912629	-0.00630876	0.00369626	0.0130485	-0.00444035	0.0019402	-0.00452045	0.00857644	0.0103534	0.00149296	-0.020174	-0.00275848	0.0112849	-0.00886228	0.00724854	0.00747767	-0.00437562	-0.00558773	0.000800613	0.0101896	0.00600164	-0.00482301	-0.00833702	0.00140289	-0.00750531	-0.0174283	0.00471711	-0.01076	-0.00678753	0.00205369	0.00456592	
4	0	0.000425801	0.00247148	0.00482566	0.00558433	0.00818868	0.0188713	0.0206709	0.0303949	0.0540282	0.125009	0.182035	0.271028	0.328332	0.398671	0.408654	0.393774	0.36008	0.278553	0.214744	0.129293	0.0654953	0.0375552	0.00383985	-0.00491454	0.0321057	-0.00354571	-0.00610793	0.00158695	0.00690298	0.00441925	0.00387962	0.0178674	0.019359	0.0011072	0.00404583	0.0107335	0.0149875	-0.00788684	0.00813901	-0.00131203	-0.0179188	0.00333234	0.00306705	-0.00328739	0.0185686	-0.0024773	-0.0143604	-0.00453855	0.00729813	-0.00873702	0.00175981	0.0143258	0.00503864	-0.0119133	-0.0213005	0.0085709	-0.00191196	0.00236103	-0.0100236	-0.00743182	0.00625811	0.0123762	0.00484662	-0.0004504	0.0235596	0.00384077	0.00709158	-0.00414675	-0.00901398	0.0184591	-0.00157125	-0.00467313	0.00290975	-0.00430577	0.000859224	-0.00203151	8.55893e-05	0.0150484	-0.0114396	-0.0135478	0.0107142	-0.00199528	0.0175308	0.00446928	0.0125197	0.0126785	-0.00693104	0.00516566	-0.010768	0.00264249	-0.00309154	0.00946319	0.00467869	0.0199129	-0.00982723	0.0114974	-0.00670212	-0.0161493	0.00592107	0.00375403	
4	0	-0.000758819	0.00203543	0.00979685	0.00702782	-0.0069696	0.0153006	0.00446402	0.0252097	0.0790728	0.118078	0.194047	0.268596	0.339338	0.406233	0.415463	0.390022	0.328427	0.297603	0.193182	0.118134	0.0770278	0.0406546	0.0173539	0.00618178	0.00308974	0.00408735	-0.00380807	-0.00606325	-0.0146111	-0.0100206	0.0151473	-0.0135811	-0.00902659	0.00906463	-0.011402	0.010016	0.00319796	-0.0104174	0.0112321	-0.00506208	-3.02531e-05	-0.00974663	-0.0124874	0.00119874	2.69069e-05	-0.000356404	0.0143946	0.00145994	-0.0138082	-0.000509789	0.00414913	-0.00925855	0.0119563	-0.0128263	0.0220069	-0.00602004	0.00319014	0.00180011	0.0178644	0.00138145	0.00485444	-0.012292	-0.00210772	0.011829	0.00132397	-0.00304968	-0.0124987	-0.0158466	-0.00520948	-0.0169222	-0.0148506	0.0129451	-0.011035	-0.00729473	-0.00873215	-0.0044792	0.0119144	0.00753339	-0.0139696	0.0155205	0.00555428	0.0070577	0.00987377	0.00914791	0.00712662	-0.0104405	0.0027955	-0.0134427	0.0183287	-0.00409921	-0.0083112	0.0133346	-0.0123283	-0.00805965	-0.0239551	0.00430384	-0.00665902	0.00296296	-0.0140909	-0.0195134	
